,Unnamed: 0.5,Unnamed: 0.4,Unnamed: 0.3,Unnamed: 0.2,Unnamed: 0.1,Unnamed: 0,target_1,y_test_1,predicted_1,evja_temp_1,target_2,y_test_2,predicted_2,evja_temp_2,target_3,y_test_3,predicted_3,evja_temp_3,target_4,y_test_4,predicted_4,evja_temp_4,target_5,y_test_5,predicted_5,evja_temp_5,target_6,y_test_6,predicted_6,evja_temp_6,target_7,y_test_7,predicted_7,evja_temp_7
0,0,0,0,0,0,0,9.264,9.264001,15.353419,8.2,5.581,5.581,13.836305,4.7,18.276,18.276,16.036211,17.6,10.024,10.024,15.72108,9.3,8.121,8.121001,15.799127,6.5,12.749,12.748999,11.521917,12.0,22.502,22.502003,17.152946,22.1
1,1,1,1,1,1,1,16.862,16.862,17.652727,15.9,20.787,20.787,20.047075,19.2,5.966,5.966,14.552277,4.9,7.517,7.5169997,16.033695,6.6,9.634,9.634,14.115977,8.6,30.162,30.162004,20.982183,31.4,10.866,10.866,13.828281,9.3
2,2,2,2,2,2,2,26.718,26.717999,17.92443,30.3,27.433,27.433,17.412676,26.5,6.906,6.905999,9.966598,5.5,24.374,24.374,21.59251,25.0,13.511,13.511,19.094563,13.0,21.345,21.345,18.336943,20.6,20.153,20.153,17.851383,18.8
3,3,3,3,3,3,3,14.047,14.047,13.480874,13.3,29.742,29.742,25.0605,31.9,19.781,19.781,17.77527,19.0,12.621,12.621,19.649212,10.7,17.784,17.784,13.163008,16.6,23.115,23.115,22.421028,21.6,18.091,18.091,17.125027,16.8
4,4,4,4,4,4,4,18.915,18.914997,19.40372,18.1,11.221,11.221001,15.045232,10.3,19.273,19.273003,15.7969265,18.2,22.429,22.429003,18.058062,21.9,26.813,26.813,19.083267,26.7,13.382,13.382,18.624235,12.5,22.389,22.389,17.62148,20.9
5,5,5,5,5,5,5,20.783,20.783003,24.504972,22.9,18.004,18.004,21.29245,17.1,6.941,6.941,11.129577,6.7,15.537,15.537001,15.511938,15.1,6.936,6.936,12.165309,5.9,14.285,14.285,16.030046,13.3,23.958,23.958,20.442749,23.9
6,6,6,6,6,6,6,20.034,20.034,21.189554,19.6,15.691,15.691,13.61232,15.1,18.763,18.763,21.720514,18.0,14.815,14.815,21.457685,14.2,5.711,5.7109995,16.594963,3.7,27.27,27.270002,21.306158,27.2,15.664,15.664,17.565065,15.0
7,7,7,7,7,7,7,10.035,10.035,18.693539,8.6,9.299,9.299,16.138744,7.8,17.772,17.772,15.665607,17.3,1.761,1.7610003,11.5991125,0.9,16.664,16.664,16.137394,15.8,7.967,7.967,17.090084,6.4,25.44,25.44,22.54408,24.0
8,8,8,8,8,8,8,11.64,11.64,13.315299,10.3,6.504,6.504,14.789672,5.5,14.433,14.433,17.529634,14.0,9.24,9.24,10.870708,8.5,13.623,13.623,15.889035,13.3,20.694,20.694002,21.685709,20.6,21.126,21.125998,20.081682,20.2
9,9,9,9,9,9,9,18.545,18.544998,19.2452,17.6,18.062,18.062002,18.013021,17.6,0.768,0.7679998,21.019444,0.1,18.499,18.499,12.674743,17.6,23.624,23.624,20.441168,21.7,13.966,13.966,10.310961,13.1,29.196,29.195997,25.304354,26.8
10,10,10,10,10,10,10,19.426,19.425999,14.775785,19.1,16.421,16.421001,15.912698,15.1,14.393,14.393,16.338884,13.3,6.498,6.4980006,13.338674,5.9,9.851,9.851,11.135834,7.8,7.746,7.746,15.434211,6.3,19.63,19.63,15.25122,18.9
11,11,11,11,11,11,11,24.939,24.938997,21.33233,24.7,14.776,14.776001,18.206455,14.1,24.904,24.904,15.296816,24.9,19.259,19.259003,20.993755,18.4,15.621,15.621,17.333067,15.1,18.033,18.033,17.609465,17.1,7.899,7.8990006,9.963172,5.7
12,12,12,12,12,12,12,15.615,15.615,12.411102,14.6,14.282,14.282001,13.988004,13.4,19.778,19.778,17.474312,16.7,14.444,14.444,21.426758,14.9,14.8,14.8,17.16303,14.4,26.042,26.042004,23.03659,28.0,12.031,12.031,11.430319,11.3
13,13,13,13,13,13,13,28.892,28.891998,15.412625,29.3,28.756,28.756,21.67339,30.7,19.811,19.810999,17.059874,18.4,20.521,20.520998,21.033403,20.5,19.319,19.319,16.35009,18.8,13.52,13.52,17.933313,12.6,9.974,9.974,13.534439,7.8
14,14,14,14,14,14,14,19.655,19.654999,18.050835,18.6,15.743,15.743,16.51832,15.0,0.811,0.81099993,14.546357,-0.1,10.834,10.834,17.089897,10.1,30.088,30.088,15.8872,28.4,17.196,17.196,25.769524,16.5,15.07,15.07,16.311708,14.2
15,15,15,15,15,15,15,28.394,28.393997,17.716963,28.9,16.5,16.500002,19.12926,15.8,9.245,9.244999,8.836719,7.9,27.788,27.788002,18.640743,29.6,27.724,27.724,15.571904,23.1,29.407,29.407001,19.645878,31.4,18.711,18.711,18.40538,18.2
16,16,16,16,16,16,16,4.087,4.087,18.393745,2.8,6.568,6.5680003,13.173352,5.5,13.727,13.727001,15.691302,12.9,6.081,6.0809994,15.54571,4.9,29.501,29.501,26.69555,29.6,15.728,15.728,18.883322,14.7,12.98,12.98,15.508561,10.6
17,17,17,17,17,17,17,27.15,27.149998,17.894094,26.2,13.625,13.625001,13.439616,12.7,6.517,6.517,14.020577,5.5,12.838,12.838,15.29917,12.1,13.56,13.56,15.67779,12.6,7.971,7.9710007,13.523372,6.3,9.877,9.877,15.490145,8.4
18,18,18,18,18,18,18,23.111,23.111,19.248903,22.8,10.314,10.314,15.017772,9.2,14.995,14.995001,14.652118,14.5,25.399,25.399,16.114065,25.1,20.767,20.767,24.110136,20.5,18.929,18.929003,19.192137,18.0,20.759,20.759,17.462795,20.1
19,19,19,19,19,19,19,8.012,8.012,14.843573,6.5,28.216,28.216,27.49475,27.0,12.296,12.296001,16.070866,10.9,20.427,20.427,18.516575,20.2,13.016,13.016,15.669409,11.9,14.955,14.955,14.211345,13.9,26.93,26.93,14.026492,24.8
20,20,20,20,20,20,20,21.595,21.594997,19.732811,21.5,19.475,19.475,14.3787155,17.8,29.472,29.472,14.219075,29.2,8.812,8.812,14.115422,8.0,16.214,16.214,16.355444,15.5,16.768,16.768002,21.098608,15.9,9.257,9.257,11.428979,8.0
21,21,21,21,21,21,21,18.12,18.120003,16.58898,17.0,25.904,25.903997,19.344847,26.8,8.744,8.744001,17.579477,7.6,11.874,11.874,14.997405,11.5,9.112,9.112,14.851896,7.1,1.848,1.848,19.53828,-0.3,20.128,20.128,13.757302,19.6
22,22,22,22,22,22,22,18.115,18.115,17.936888,17.5,15.151,15.151,17.846674,14.1,8.181,8.180999,12.231349,7.0,19.311,19.311,15.087814,18.4,5.805,5.8049994,16.910381,4.7,29.961,29.961,22.254469,30.2,15.013,15.013,14.040558,14.3
23,23,23,23,23,23,23,13.409,13.409,18.226091,12.6,18.175,18.175,10.418823,17.7,19.758,19.758,22.136082,19.1,24.782,24.782,26.281021,23.2,29.18,29.18,20.590773,30.1,18.689,18.689,20.250895,17.8,11.514,11.513999,15.009719,9.8
24,24,24,24,24,24,24,12.867,12.867,14.169718,12.2,19.395,19.394999,16.292122,17.6,11.848,11.848,15.293443,11.5,9.855,9.854999,12.813898,9.0,27.918,27.918,18.566774,29.8,23.8,23.800001,14.435635,22.9,18.934,18.934,16.964867,17.8
25,25,25,25,25,25,25,18.848,18.848,18.119034,18.2,10.696,10.696,16.759727,9.2,10.724,10.724,19.107094,9.5,26.663,26.662998,24.428404,24.5,29.44,29.44,16.870323,31.6,18.408,18.408,11.281061,17.2,20.022,20.021997,24.802156,19.5
26,26,26,26,26,26,26,14.252,14.251999,16.726732,13.6,31.817,31.817,16.711672,30.4,7.201,7.2010007,17.322142,6.0,23.893,23.893,24.093405,23.4,26.184,26.184,15.780272,25.4,20.862,20.862001,10.591193,19.9,15.181,15.180999,16.680208,14.4
27,27,27,27,27,27,27,3.414,3.4139998,17.65997,2.7,7.31,7.31,11.2923565,6.2,6.498,6.498,14.4634495,5.4,23.76,23.76,19.84881,24.4,29.07,29.07,26.284885,29.8,23.475,23.475002,16.508747,22.6,16.396,16.396,21.620718,15.4
28,28,28,28,28,28,28,24.706,24.705997,20.078878,25.7,13.945,13.945001,15.853122,12.9,9.635,9.635001,13.334706,9.2,12.267,12.267,14.859922,14.7,2.618,2.618,18.66903,0.5,17.974,17.973999,19.45555,16.9,4.167,4.167,13.766843,1.9
29,29,29,29,29,29,29,3.852,3.8520002,11.24859,3.2,26.562,26.562,18.586018,26.6,12.524,12.524001,11.569196,11.1,27.83,27.83,21.597668,27.7,18.23,18.23,15.409538,17.3,18.442,18.442001,17.989983,17.0,14.753,14.753,16.22021,13.9
30,30,30,30,30,30,30,6.721,6.721,16.774849,5.9,25.013,25.013,19.132473,25.3,13.795,13.795,13.523644,13.3,12.157,12.156999,7.418575,11.6,18.408,18.408,14.76739,17.1,15.345,15.344999,17.18571,13.9,15.346,15.346,14.887125,11.6
31,31,31,31,31,31,31,10.389,10.388999,13.16524,9.7,17.162,17.162,14.050747,16.4,16.975,16.975,19.468668,16.3,12.633,12.633,15.564381,11.9,25.94,25.94,18.031532,24.9,16.491,16.491,19.539413,15.5,30.771,30.771,17.391647,31.6
32,32,32,32,32,32,32,16.932,16.932,15.091982,16.2,12.919,12.919,12.392992,11.1,24.894,24.894,17.910267,22.3,19.32,19.32,16.443865,18.4,21.879,21.879,23.578123,20.6,18.889,18.889,14.848939,17.2,19.262,19.262,17.416735,18.4
33,33,33,33,33,33,33,14.984,14.984001,15.706986,14.1,13.828,13.828002,17.972431,13.1,20.597,20.597,22.40053,20.0,12.201,12.201,16.559093,11.0,16.26,16.259998,15.336622,15.8,21.764,21.764,19.319845,20.8,16.391,16.391,15.157523,15.3
34,34,34,34,34,34,34,18.869,18.869,19.419523,17.8,23.333,23.333,13.337791,21.2,17.115,17.115,17.50102,16.4,7.865,7.8649993,14.426153,7.0,18.763,18.763,19.194366,17.9,17.146,17.146,15.57279,16.1,16.863,16.863,15.58001,13.5
35,35,35,35,35,35,35,5.473,5.473,17.321156,4.3,18.016,18.016003,18.99797,17.2,17.543,17.543,12.079134,16.3,19.952,19.952,17.47242,19.6,6.895,6.895,14.54818,5.5,27.368,27.367998,18.455687,26.2,28.283,28.283,22.318422,28.7
36,36,36,36,36,36,36,14.9,14.9,12.830059,14.3,28.368,28.367998,19.650944,26.5,8.248,8.248,17.45263,7.1,19.01,19.010002,23.397568,18.4,10.472,10.472,22.105488,9.3,26.335,26.334997,18.10164,25.6,13.306,13.306,15.769891,12.3
37,37,37,37,37,37,37,29.709,29.708998,23.860184,30.5,22.085,22.085,19.71377,21.3,29.594,29.594,15.781865,31.3,21.243,21.243,23.082682,19.7,17.727,17.727,14.070423,16.6,28.143,28.143002,22.546515,28.0,9.581,9.581,19.459265,7.9
38,38,38,38,38,38,38,9.655,9.655,20.342203,8.3,21.494,21.494,22.823935,21.0,30.808,30.807999,13.561197,31.9,8.758,8.758,16.67717,7.4,28.438,28.438,17.622356,31.4,17.149,17.149,17.524565,15.7,23.973,23.973,20.408487,22.9
39,39,39,39,39,39,39,26.306,26.305996,18.141449,30.2,28.323,28.323,18.033047,27.3,15.728,15.728002,13.579969,14.1,11.464,11.464,15.656831,9.8,15.942,15.942,15.993938,15.4,7.244,7.2439995,7.7013006,5.6,22.537,22.537,16.370792,22.4
40,40,40,40,40,40,40,-0.946,-0.946,15.083509,-1.4,15.146,15.146,14.370554,14.3,4.395,4.395,15.619753,3.5,12.835,12.835001,17.94788,12.4,20.615,20.615,16.836685,19.1,15.991,15.991,16.105846,14.9,19.653,19.652998,20.990047,19.1
41,41,41,41,41,41,41,6.829,6.8290005,16.039822,5.8,9.186,9.186001,15.485366,7.7,15.39,15.39,11.212705,14.9,16.929,16.929003,14.764342,16.5,12.725,12.725,14.589151,12.1,-0.126,-0.12599997,17.401033,-2.3,23.052,23.052,18.368376,21.1
42,42,42,42,42,42,42,25.803,25.803001,12.6126995,27.1,8.363,8.363,19.50516,7.0,27.072,27.072,27.765774,25.8,29.767,29.766998,26.655096,32.7,7.237,7.2370005,14.38229,5.6,14.97,14.969999,19.386465,13.8,13.413,13.413,16.7838,12.6
43,43,43,43,43,43,43,9.197,9.197,11.976208,8.0,14.629,14.629,14.154572,13.9,10.974,10.974,14.130791,9.8,15.451,15.451,12.198635,14.5,11.132,11.132,15.216162,9.9,28.771,28.771,25.27979,28.5,10.664,10.664,14.848939,8.6
44,44,44,44,44,44,44,11.96,11.96,18.892958,11.1,16.345,16.345,17.850706,15.4,18.435,18.434998,16.677143,18.0,18.738,18.738,16.069735,17.9,12.975,12.975,15.488658,10.9,28.06,28.060001,19.543156,27.9,14.411,14.411001,20.644571,13.7
45,45,45,45,45,45,45,14.539,14.539,15.559881,12.9,19.086,19.086,12.665354,18.5,25.489,25.489,18.529783,22.3,16.949,16.948997,18.13673,16.1,11.595,11.595,13.548959,10.3,16.918,16.918,13.483368,15.7,19.505,19.505,18.697987,18.7
46,46,46,46,46,46,46,29.399,29.398998,12.9515295,31.0,18.044,18.044,22.536163,17.4,19.515,19.514997,13.054068,18.6,28.728,28.728,22.503803,30.0,26.928,26.928,22.243158,27.4,20.586,20.586002,19.168015,19.8,31.591,31.591,12.666976,28.1
47,47,47,47,47,47,47,18.883,18.882998,25.103584,18.3,13.216,13.216001,15.6509075,12.3,13.67,13.670001,20.109762,13.4,29.515,29.515,26.402231,30.3,7.04,7.04,19.545193,5.4,7.02,7.02,18.065136,6.0,20.045,20.045,19.31064,18.8
48,48,48,48,48,48,48,24.133,24.133,18.89106,24.1,4.467,4.467,15.245502,3.6,16.131,16.131002,20.486855,15.2,4.964,4.964,15.325792,3.5,25.33,25.33,16.74989,28.8,21.915,21.915,13.564593,20.8,24.106,24.106,18.890354,27.8
49,49,49,49,49,49,49,0.678,0.67800003,16.363316,-0.1,9.367,9.367,14.347106,8.2,25.627,25.627,16.754566,25.6,26.111,26.110998,18.10841,25.8,28.97,28.97,17.889076,31.2,13.919,13.919,23.256947,13.2,18.403,18.403,21.17665,17.5
50,50,50,50,50,50,50,28.017,28.017,18.967056,29.6,18.152,18.152,16.796175,17.3,31.057,31.057,20.607927,29.4,14.18,14.18,18.393166,13.6,15.393,15.393,17.350035,13.9,30.55,30.550003,20.447363,29.8,17.229,17.228998,13.922162,15.6
51,51,51,51,51,51,51,14.177,14.177,20.497225,13.7,29.185,29.185001,15.105817,29.5,1.148,1.148,12.348915,0.9,18.142,18.142,14.90426,18.4,29.053,29.053,11.967068,28.6,5.655,5.6549997,12.165303,4.3,17.987,17.987,18.524832,16.6
52,52,52,52,52,52,52,19.741,19.741,16.319464,19.0,2.742,2.7419999,12.789642,1.7,20.567,20.567,23.307459,20.3,11.446,11.446,17.524418,10.3,27.338,27.338,20.561085,27.7,13.596,13.596,11.309445,13.0,14.541,14.541,17.034498,13.6
53,53,53,53,53,53,53,18.24,18.24,20.720818,17.2,21.257,21.257,16.367434,21.0,26.067,26.067,20.490488,26.6,27.083,27.083,16.160927,21.9,13.005,13.005,11.423898,12.1,1.618,1.618,14.62905,-0.6,18.553,18.553,16.304913,17.7
54,54,54,54,54,54,54,17.309,17.308998,10.153432,16.4,31.438,31.438,19.656155,32.9,17.943,17.943,14.14298,16.9,17.202,17.202,10.872958,16.9,26.888,26.888,13.947004,24.7,20.39,20.390001,23.229792,18.9,31.51,31.51,12.3903055,31.5
55,55,55,55,55,55,55,10.395,10.395,11.687238,9.5,10.4,10.400001,14.346502,8.7,8.843,8.843,16.41125,8.8,15.282,15.282,16.92975,14.6,18.753,18.753,14.4192915,18.2,27.311,27.310999,18.319347,24.1,18.536,18.536,19.011896,17.4
56,56,56,56,56,56,56,23.0,22.999998,19.868402,23.1,21.67,21.67,17.479475,20.9,14.592,14.592001,15.103328,14.3,7.611,7.611,16.35369,6.2,14.294,14.294,14.153241,13.5,21.803,21.803001,20.328453,18.9,14.833,14.833,15.180058,13.8
57,57,57,57,57,57,57,25.572,25.572002,17.801033,25.8,3.943,3.943,18.325539,3.0,23.821,23.821,19.312553,23.1,26.567,26.567,25.76724,29.7,13.383,13.383,17.344145,12.6,20.065,20.065002,19.631832,19.1,28.0,28.0,18.941053,28.5
58,58,58,58,58,58,58,17.216,17.216002,17.105534,16.8,12.945,12.945001,12.8937025,10.9,4.791,4.791,12.243512,3.8,17.385,17.385,20.318188,16.9,9.735,9.735,18.170074,8.3,18.301,18.301,17.360355,17.4,11.88,11.880001,17.137877,8.3
59,59,59,59,59,59,59,15.382,15.382,14.61258,14.5,25.963,25.963001,15.037635,23.9,14.45,14.45,14.624476,14.0,3.049,3.049,13.835955,1.8,30.31,30.31,17.671959,29.4,24.015,24.015003,29.757196,23.7,8.271,8.271001,13.94274,6.3
60,60,60,60,60,60,60,13.837,13.837001,16.30869,13.0,30.808,30.808,15.348859,33.9,19.68,19.68,20.374668,18.8,14.069,14.069001,16.299145,12.9,15.176,15.176,16.97061,13.8,16.379,16.379,17.188986,15.1,14.403,14.403,16.024227,13.5
61,61,61,61,61,61,61,19.056,19.056,20.415598,18.4,22.429,22.429,15.127518,22.1,8.849,8.849,13.501622,8.9,13.967,13.966999,17.351954,13.3,28.123,28.123,27.964703,27.8,19.64,19.640001,20.709002,18.4,10.283,10.283,17.151445,9.2
62,62,62,62,62,62,62,10.992,10.992001,18.371893,10.7,25.907,25.907,18.392347,25.6,26.695,26.695,15.6468935,23.5,12.717,12.717,10.255845,12.1,29.558,29.558,21.934416,28.1,15.546,15.546,20.85711,15.0,19.203,19.203,17.360023,18.2
63,63,63,63,63,63,63,7.594,7.594,11.253243,6.3,20.097,20.097,18.284481,19.2,11.501,11.501001,8.933555,10.7,11.314,11.314,17.796875,10.7,14.28,14.28,22.757727,13.8,24.389,24.389002,23.561775,24.1,15.919,15.919,18.939938,15.2
64,64,64,64,64,64,64,22.052,22.051998,17.839895,21.2,24.175,24.175,18.5121,23.3,14.692,14.692,13.856193,13.9,15.484,15.484,14.571789,15.4,25.148,25.148,14.270897,23.5,14.809,14.809,13.924837,14.0,22.718,22.718002,15.422128,21.0
65,65,65,65,65,65,65,13.846,13.846,18.702436,13.2,23.165,23.165,8.611974,22.4,12.984,12.983999,15.3394575,12.3,28.114,28.114,17.199574,30.3,15.514,15.514,16.545967,14.9,16.503,16.503,20.048367,15.8,15.936,15.936,18.138544,15.2
66,66,66,66,66,66,66,15.818,15.818001,14.458569,15.0,15.121,15.121001,18.702204,13.8,9.714,9.714001,13.469138,8.5,18.233,18.233,23.008995,18.1,32.542,32.542,26.168379,34.0,2.961,2.9609997,16.279718,0.6,19.6,19.6,19.697433,18.9
67,67,67,67,67,67,67,20.423,20.422998,19.250738,19.6,14.231,14.231001,17.577925,13.6,15.933,15.933,18.979073,15.2,12.711,12.711001,14.805218,12.3,23.139,23.139,20.153038,21.6,6.269,6.269,18.325272,4.7,15.0,15.0,16.54979,14.1
68,68,68,68,68,68,68,24.795,24.795,21.77692,24.9,18.433,18.433,16.578402,17.6,14.536,14.536001,22.84034,13.7,7.189,7.1889997,12.690173,6.1,9.898,9.898,10.973553,8.7,9.583,9.583,10.42255,8.5,24.356,24.356,18.66218,27.6
69,69,69,69,69,69,69,22.136,22.136,14.028051,21.6,18.033,18.033,18.30119,17.1,14.888,14.8880005,14.386181,14.2,19.691,19.691,23.393114,18.8,18.133,18.133,13.650601,17.1,15.758,15.758,17.805676,14.7,13.308,13.308001,9.98487,12.6
70,70,70,70,70,70,70,19.279,19.278997,19.147211,18.6,16.872,16.872002,17.731253,15.9,2.071,2.0710003,16.047487,1.1,15.272,15.272,13.037644,14.4,12.246,12.246,15.981779,11.7,18.442,18.442001,15.132905,17.4,13.661,13.660999,12.176432,12.8
71,71,71,71,71,71,71,14.3,14.299999,18.070635,13.2,8.996,8.995999,13.858027,7.2,10.692,10.692001,14.250413,9.4,6.033,6.0330005,19.887144,4.8,17.006,17.005999,15.697904,16.0,20.434,20.434,19.13164,20.1,19.731,19.731,20.978357,19.0
72,72,72,72,72,72,72,25.305,25.305,14.456192,25.6,16.613,16.613,17.808477,14.2,15.409,15.409,14.513005,14.8,14.406,14.406,15.131944,13.5,20.554,20.554,20.522293,20.1,26.472,26.472,21.195446,29.2,13.518,13.518,14.976252,12.6
73,73,73,73,73,73,73,0.931,0.93099993,13.945888,0.1,24.241,24.241001,17.55123,24.4,5.008,5.008,14.911017,4.2,20.875,20.875,16.547323,20.3,15.864,15.864,11.997382,14.7,13.751,13.751,18.824123,13.2,15.721,15.721,19.398058,15.0
74,74,74,74,74,74,74,3.784,3.784,21.056648,2.5,8.518,8.518,16.422728,7.3,8.364,8.364,17.104237,6.7,13.318,13.318001,15.252341,12.5,12.385,12.385,16.418722,12.5,9.455,9.455001,19.837418,8.8,23.776,23.776,19.192623,23.7
75,75,75,75,75,75,75,10.519,10.519,16.2362,8.6,11.458,11.458001,15.855732,9.7,32.232,32.232,19.747719,29.7,2.73,2.73,13.975791,1.8,15.976,15.975999,18.59897,14.8,24.969,24.969002,19.594225,27.8,14.243,14.243001,16.321468,13.3
76,76,76,76,76,76,76,7.434,7.4340005,18.358868,6.3,20.741,20.741,17.136936,18.6,17.968,17.968,17.04606,17.7,15.939,15.939,16.11215,14.3,23.141,23.141,14.557053,24.6,19.007,19.007002,18.346607,17.7,16.181,16.181,19.622112,13.4
77,77,77,77,77,77,77,14.002,14.001999,14.48219,12.4,18.38,18.38,25.537601,17.5,6.58,6.58,12.328015,5.5,25.632,25.631998,15.597275,25.1,22.462,22.461998,19.626768,22.0,23.728,23.728003,16.07318,20.7,16.123,16.123,13.944326,14.6
78,78,78,78,78,78,78,14.223,14.223,17.813808,13.8,13.002,13.002001,16.455513,12.0,23.955,23.955,24.089756,22.2,22.748,22.748,19.599066,20.0,20.674,20.674,15.272423,19.4,18.143,18.143,12.496469,17.2,12.095,12.095001,13.305506,10.9
79,79,79,79,79,79,79,16.074,16.074,11.289293,15.9,4.066,4.066,20.285343,3.1,10.695,10.695002,13.785704,10.4,18.949,18.949,20.845737,18.1,15.783,15.783,17.676392,15.3,18.824,18.824001,16.368475,16.3,16.141,16.141,18.442602,15.2
80,80,80,80,80,80,80,18.157,18.157,18.91477,17.2,13.127,13.127,13.226733,12.3,4.6,4.6,14.1100855,3.9,18.062,18.062002,16.589764,17.0,25.889,25.889,17.839247,21.9,16.67,16.67,16.858236,15.8,17.653,17.652998,12.123535,16.7
81,81,81,81,81,81,81,15.167,15.167,13.938785,14.4,15.334,15.334001,16.526918,14.2,6.258,6.258,15.219725,5.6,13.105,13.105,17.22933,12.4,4.377,4.377,21.691526,2.9,15.051,15.051,20.285597,14.3,28.413,28.413,15.665463,28.6
82,82,82,82,82,82,82,26.103,26.102999,19.580519,26.4,18.347,18.347,23.557325,17.2,13.364,13.364,15.954767,12.8,13.47,13.469999,15.996042,12.3,20.446,20.446,9.528772,18.6,15.352,15.352,16.094215,14.6,21.112,21.112,18.496153,20.4
83,83,83,83,83,83,83,18.583,18.583,17.493599,19.9,15.493,15.493001,16.479311,14.8,17.882,17.882,21.338802,17.0,14.892,14.892,14.474741,14.1,14.217,14.217,17.221254,13.7,27.547,27.547,21.384449,25.9,13.153,13.153,16.100859,12.5
84,84,84,84,84,84,84,13.111,13.111,23.865833,12.3,15.07,15.07,15.511488,14.5,5.886,5.886,19.403625,4.8,3.72,3.7200005,14.747703,2.6,13.454,13.454,14.190444,12.4,12.29,12.29,18.76376,11.5,25.948,25.948,14.619489,25.8
85,85,85,85,85,85,85,18.112,18.112001,18.559658,17.5,27.356,27.356,19.901863,27.3,14.37,14.37,14.762736,14.1,16.945,16.945,16.666544,16.2,8.029,8.029001,18.293001,6.5,19.807,19.807,17.37525,18.1,15.225,15.224999,23.687088,14.5
86,86,86,86,86,86,86,11.161,11.160999,14.73608,8.9,15.136,15.136,16.807343,14.1,29.04,29.04,23.19233,31.1,19.698,19.698,20.535315,19.4,13.808,13.808,18.35893,13.2,27.923,27.923,17.298395,26.4,4.639,4.639,18.015196,0.4
87,87,87,87,87,87,87,25.591,25.591,17.218616,25.6,26.804,26.804,10.781474,28.8,12.9,12.900001,18.017292,12.3,9.157,9.157,16.923937,7.9,21.167,21.167,23.291294,20.0,21.625,21.625002,19.428995,20.7,31.677,31.677002,17.803425,29.8
88,88,88,88,88,88,88,15.273,15.273,20.284674,14.7,15.357,15.357001,13.636618,14.6,25.617,25.617,21.372408,22.9,10.487,10.487001,15.761152,9.7,22.85,22.850002,17.754955,22.4,27.813,27.813002,20.23522,29.5,15.949,15.949,13.175145,14.9
89,89,89,89,89,89,89,19.555,19.554998,17.067335,19.0,3.638,3.6380002,5.5592976,2.6,14.475,14.475001,15.068802,14.0,15.834,15.834,17.826109,15.5,12.622,12.622,16.178219,12.4,13.422,13.422,17.459429,12.6,21.775,21.775,17.044868,21.5
90,90,90,90,90,90,90,14.777,14.777,19.649975,13.9,13.175,13.175001,16.69742,12.5,25.245,25.245,23.012651,22.4,23.952,23.952,22.397484,23.0,16.595,16.595,13.74044,15.9,15.845,15.844999,14.320176,14.6,15.886,15.885999,18.264174,14.9
91,91,91,91,91,91,91,23.623,23.622997,20.541775,23.5,28.597,28.597,14.268783,28.3,15.995,15.995,16.237722,15.4,17.961,17.960999,19.457241,17.4,22.657,22.657,13.65558,22.5,14.143,14.143,15.3088,13.1,16.908,16.908,25.463123,13.8
92,92,92,92,92,92,92,15.81,15.809999,15.326787,15.0,10.374,10.3740015,14.362413,8.8,14.855,14.855,18.357159,14.6,28.49,28.49,20.571457,30.3,18.586,18.586,13.149643,18.2,20.764,20.764002,18.377226,19.3,15.257,15.256999,22.410517,14.4
93,93,93,93,93,93,93,12.267,12.267,10.733509,11.3,19.502,19.502,17.088825,19.0,6.642,6.642,15.805466,5.9,7.688,7.688,18.159134,6.5,25.152,25.152,25.539572,23.9,14.936,14.936,17.905302,13.8,9.193,9.193001,16.300146,8.0
94,94,94,94,94,94,94,19.356,19.356,17.245384,18.2,7.743,7.7430005,15.670594,6.8,28.304,28.304,14.5547905,27.8,26.717,26.717,21.680765,26.6,25.949,25.949,23.11373,24.5,11.665,11.665,14.212705,9.5,22.474,22.474,19.44223,22.3
95,95,95,95,95,95,95,13.969,13.968999,15.954926,13.4,25.469,25.469,15.573939,24.2,5.468,5.468,11.309377,4.3,24.874,24.874,16.066349,23.9,15.766,15.765999,12.608526,15.2,9.145,9.145,18.213192,8.5,18.233,18.232998,14.114197,17.5
96,96,96,96,96,96,96,27.441,27.440996,20.800667,28.6,21.755,21.755,20.946796,20.4,23.901,23.901,17.894005,24.3,16.065,16.065,18.788298,15.1,9.637,9.637,24.236877,9.6,10.407,10.407,13.195804,9.0,32.961,32.961,16.280075,32.3
97,97,97,97,97,97,97,14.093,14.093,20.512081,13.5,24.683,24.683,10.869439,24.8,25.814,25.814,20.554283,25.6,13.464,13.464,12.4756155,12.8,10.432,10.432,12.067387,9.4,23.213,23.213001,19.29328,22.2,24.744,24.744001,18.133776,24.9
98,98,98,98,98,98,98,19.359,19.358997,21.26971,18.4,19.662,19.662,20.769083,19.1,16.183,16.183,17.456717,15.3,17.859,17.859001,19.247692,18.2,17.941,17.941,16.274878,16.9,5.313,5.313,14.85492,3.2,30.145,30.144999,14.150554,29.6
99,99,99,99,99,99,99,25.778,25.778,13.478784,25.4,8.926,8.926,13.356792,7.8,16.341,16.341,14.172723,15.8,22.6,22.6,17.857595,22.3,23.982,23.982,2.3149917,25.2,13.493,13.493,16.431705,12.6,20.877,20.876999,18.991814,20.1
100,100,100,100,100,100,100,11.266,11.266,8.20472,10.7,14.4,14.4,15.06983,13.7,6.872,6.8719997,13.865204,5.4,16.019,16.019,16.57172,15.4,17.422,17.422,15.64221,16.8,8.607,8.606999,13.594581,7.0,18.227,18.227,18.198853,17.2
101,101,101,101,101,101,101,17.259,17.258999,12.345233,16.4,12.948,12.948001,14.233655,11.9,4.361,4.3610005,10.5535965,3.4,-0.069,-0.06900002,14.525364,-0.8,27.581,27.581,14.654897,27.1,18.736,18.736,15.752279,18.2,7.267,7.2670007,14.585072,5.4
102,102,102,102,102,102,102,3.881,3.8809996,13.360259,3.0,15.925,15.925,17.521103,15.2,6.596,6.596,12.824901,5.9,16.799,16.799002,18.703808,16.4,28.871,28.871,20.499596,28.9,16.25,16.25,19.63956,15.4,11.113,11.113,13.741106,9.3
103,103,103,103,103,103,103,6.291,6.291,18.962717,5.6,4.77,4.77,18.569471,4.0,28.571,28.571,19.232887,27.4,20.741,20.740997,16.807972,18.7,16.697,16.697,22.419916,15.9,14.982,14.982,18.84121,14.4,8.627,8.627,21.170115,7.1
104,104,104,104,104,104,104,15.191,15.191,15.063123,14.3,5.411,5.411,10.916639,4.4,23.447,23.447,27.881948,23.2,29.735,29.735,16.423735,29.2,24.252,24.252,18.54249,23.4,19.859,19.859001,17.939293,18.4,10.942,10.942,15.5586405,10.2
105,105,105,105,105,105,105,17.642,17.642002,15.987971,16.9,11.637,11.637,17.008648,10.1,6.382,6.382,12.075286,5.6,14.113,14.113,18.262732,13.2,13.52,13.52,13.04699,13.1,12.533,12.532999,18.337492,12.0,16.896,16.896,16.763391,16.3
106,106,106,106,106,106,106,12.48,12.48,21.428066,11.4,25.793,25.793001,20.495966,27.0,16.254,16.254002,16.894194,15.8,25.157,25.157,20.900318,23.5,14.722,14.722,16.463825,13.8,14.3,14.3,13.606416,13.3,19.856,19.856,10.487531,19.9
107,107,107,107,107,107,107,14.346,14.346,20.74577,13.6,18.843,18.843002,16.566656,18.0,8.54,8.54,11.351021,7.1,30.635,30.635,20.14191,27.4,28.372,28.372,14.13837,31.3,18.298,18.298002,18.66384,18.0,32.407,32.407,21.317913,29.2
108,108,108,108,108,108,108,13.669,13.669,19.468616,13.1,18.274,18.274,16.998816,18.3,30.147,30.147,14.416801,27.9,7.464,7.4639997,20.758625,6.5,27.461,27.461,17.86644,26.9,24.061,24.061,21.965273,23.5,14.726,14.726,15.199844,13.3
109,109,109,109,109,109,109,22.738,22.737999,13.898329,22.1,15.142,15.142,18.675047,14.0,23.124,23.124,18.022627,22.5,12.933,12.933,19.502998,12.3,7.292,7.292,13.981728,5.5,14.256,14.256,11.797361,13.5,26.761,26.761,14.953118,29.9
110,110,110,110,110,110,110,24.733,24.732998,15.415328,24.8,29.798,29.798,14.103755,32.3,4.361,4.3610005,17.222857,3.0,11.233,11.233,20.39768,10.2,16.697,16.697,15.938282,15.7,4.741,4.741,19.68709,2.2,4.924,4.924,18.020494,2.6
111,111,111,111,111,111,111,18.9,18.9,24.103119,19.5,28.867,28.867,16.899893,31.4,18.714,18.714003,18.023085,18.8,30.125,30.125,14.153069,29.8,17.135,17.135,17.46252,15.7,16.417,16.417,16.28554,15.2,17.098,17.098,19.418953,16.6
112,112,112,112,112,112,112,24.27,24.269999,15.3804035,24.4,19.923,19.923,18.154358,19.1,10.147,10.147,15.8814335,9.0,32.982,32.982,23.729273,26.4,29.832,29.832,18.768208,26.8,23.674,23.674,20.55882,23.3,10.006,10.006,10.597526,7.5
113,113,113,113,113,113,113,18.43,18.430002,19.507364,17.6,20.579,20.579,19.086277,19.8,26.236,26.236,18.38444,26.0,14.786,14.786,21.196436,14.1,19.75,19.75,12.644896,19.1,13.961,13.961,17.88847,13.3,20.904,20.904,19.68868,19.8
114,114,114,114,114,114,114,3.817,3.817,18.672663,2.6,14.498,14.498002,19.67884,13.7,26.494,26.494,20.772144,29.6,17.894,17.894,17.215324,16.3,10.219,10.219,22.091003,8.9,23.797,23.797005,28.020634,23.2,25.579,25.579,20.237583,26.3
115,115,115,115,115,115,115,18.808,18.807997,16.749363,18.0,21.53,21.53,17.63774,21.4,16.649,16.649,14.04503,14.9,16.135,16.135,20.032892,15.2,17.702,17.702,16.744432,16.8,15.184,15.184,16.56733,14.4,24.531,24.530998,16.251827,25.4
116,116,116,116,116,116,116,25.752,25.752,18.443995,25.7,13.15,13.150002,16.730091,12.4,13.736,13.736,13.868187,13.3,22.052,22.052,16.143604,21.3,14.827,14.827,16.765673,14.3,22.402,22.402002,25.32518,21.4,23.363,23.362999,19.67217,23.6
117,117,117,117,117,117,117,16.825,16.825,19.020517,15.2,19.057,19.057,15.006754,18.0,24.812,24.811998,15.978231,27.8,10.058,10.058001,17.590677,9.6,14.059,14.058999,17.74103,12.4,16.902,16.902,16.950811,15.9,18.213,18.212997,22.28465,17.0
118,118,118,118,118,118,118,25.639,25.639,17.680164,25.1,4.166,4.166,16.041832,3.2,19.6,19.6,26.637115,19.2,9.109,9.109001,26.109022,8.0,28.458,28.458,20.734175,26.9,28.14,28.140001,21.9827,28.0,25.178,25.178,19.989569,23.9
119,119,119,119,119,119,119,13.557,13.557,11.042721,11.4,18.149,18.149,15.081753,18.2,14.084,14.084,17.798847,13.9,16.766,16.766,15.740125,16.0,16.165,16.164999,12.65948,14.8,26.917,26.917002,26.433008,25.6,17.476,17.476,18.441051,16.4
120,120,120,120,120,120,120,19.126,19.125998,16.117487,18.6,1.623,1.6230003,14.791644,0.9,26.277,26.276999,11.103196,23.2,16.769,16.769,15.598669,15.8,12.858,12.858,20.1003,12.2,15.919,15.918999,18.535667,15.1,14.385,14.385,15.133936,13.6
121,121,121,121,121,121,121,22.827,22.827,22.92207,22.8,2.662,2.662,9.796519,1.8,29.543,29.543,20.712406,31.7,10.409,10.409,16.892408,9.8,12.82,12.82,18.763103,11.8,13.696,13.696,17.92694,12.6,27.473,27.473,18.80041,26.8
122,122,122,122,122,122,122,8.241,8.241,14.900568,7.1,5.462,5.462,7.504722,4.4,16.192,16.192,16.856417,15.9,15.5,15.499999,17.505888,14.5,22.946,22.946001,13.676232,19.9,19.859,19.859001,19.08355,18.5,11.314,11.313999,10.566015,10.0
123,123,123,123,123,123,123,20.116,20.115995,19.437294,19.9,29.05,29.05,15.190511,31.2,6.734,6.734,18.432035,5.5,15.284,15.283999,16.690294,14.9,11.579,11.579,15.433062,9.5,14.31,14.31,11.427956,13.3,8.037,8.037,14.585567,5.8
124,124,124,124,124,124,124,28.836,28.836002,17.973146,32.3,12.29,12.290001,15.72239,11.6,27.117,27.117,17.124252,26.1,14.785,14.785,16.070084,13.6,14.279,14.279,13.037188,13.9,18.564,18.564,18.87619,19.5,8.543,8.543001,14.966995,6.6
125,125,125,125,125,125,125,31.871,31.870998,9.003619,29.5,29.51,29.51,19.07431,30.4,26.937,26.937,14.417548,25.6,25.984,25.984,30.90328,20.1,17.22,17.22,18.198547,16.8,11.843,11.843,15.383966,11.1,14.349,14.349,14.196288,13.8
126,126,126,126,126,126,126,6.293,6.293,13.9089985,5.3,25.422,25.422,22.05745,25.2,18.148,18.148,16.704533,17.1,16.42,16.42,17.15493,15.2,29.607,29.607,21.663687,31.4,24.249,24.249002,22.993055,23.2,22.69,22.69,17.986763,22.9
127,127,127,127,127,127,127,27.644,27.644001,20.98315,28.1,2.565,2.565,14.150124,1.3,3.973,3.973,13.293865,3.0,16.637,16.637,13.104339,14.1,18.383,18.383,16.331976,17.4,11.704,11.704,18.495852,10.1,11.992,11.992,15.667781,10.9
128,128,128,128,128,128,128,11.845,11.845001,13.690272,11.0,15.263,15.2630005,14.732425,14.6,12.201,12.201001,21.793215,11.8,17.861,17.860998,20.94222,17.1,29.31,29.31,19.19408,27.3,18.24,18.24,15.117377,17.2,18.285,18.285,20.66645,17.8
129,129,129,129,129,129,129,11.23,11.23,16.37466,10.4,11.833,11.833002,13.950714,11.0,13.826,13.826,20.025185,12.5,29.212,29.212,31.157812,29.7,12.52,12.52,14.125322,12.2,29.363,29.363003,21.51682,27.3,12.109,12.109,18.679222,10.9
130,130,130,130,130,130,130,28.793,28.793,22.970514,27.5,12.71,12.71,17.261488,11.5,7.007,7.007,13.156204,5.8,25.325,25.325,17.431969,22.3,19.857,19.857,20.070528,18.5,15.006,15.006,19.384016,14.1,25.31,25.31,16.903399,24.8
131,131,131,131,131,131,131,14.919,14.919,18.567677,14.1,13.825,13.825001,17.776308,13.1,30.952,30.952002,22.03792,31.8,13.117,13.117,22.641499,12.6,1.379,1.3790001,10.253277,-0.8,0.925,0.9250001,9.301885,-1.2,27.083,27.083,20.396072,25.8
132,132,132,132,132,132,132,20.734,20.733997,19.967388,20.0,24.773,24.773,16.389795,22.6,17.354,17.354,13.996274,17.6,29.928,29.928,17.51588,26.9,6.9,6.9,16.735525,5.5,16.123,16.123,17.506933,15.6,11.658,11.658,14.518085,11.2
133,133,133,133,133,133,133,18.164,18.164001,15.786955,17.3,7.846,7.846,12.850919,6.9,16.978,16.978003,21.376251,15.3,4.922,4.922,13.941721,4.2,23.33,23.33,10.553849,22.4,29.237,29.237001,15.789975,28.5,13.16,13.16,15.134797,12.1
134,134,134,134,134,134,134,19.56,19.56,19.828636,18.9,6.526,6.526,9.800278,5.4,7.04,7.0399995,15.540495,5.8,25.536,25.536,18.796436,24.8,16.667,16.667,17.419819,15.0,7.25,7.25,15.102153,5.6,23.402,23.402,17.889496,23.1
135,135,135,135,135,135,135,17.214,17.214,14.906085,16.3,13.882,13.882002,19.798563,12.3,23.757,23.757,14.43702,22.7,16.579,16.579,20.81923,15.8,17.281,17.281,15.274456,16.8,13.394,13.393999,15.91555,12.8,29.577,29.577,20.578054,30.0
136,136,136,136,136,136,136,11.762,11.762,15.1832285,10.5,7.286,7.2859993,15.608807,6.4,9.705,9.705,16.069693,8.9,15.124,15.124,12.082614,14.5,9.25,9.250001,16.877005,8.6,16.251,16.251,16.086435,15.1,29.346,29.345999,26.879982,29.5
137,137,137,137,137,137,137,26.637,26.637,16.69486,29.1,13.388,13.3880005,16.02107,13.3,15.243,15.243002,11.967854,14.8,10.812,10.812,12.521855,8.9,30.073,30.073002,22.971905,29.0,29.546,29.546,14.847507,26.9,15.484,15.484,15.395026,13.1
138,138,138,138,138,138,138,6.679,6.679,15.498046,5.8,28.701,28.701,21.45139,30.1,28.779,28.779,23.929447,27.3,13.655,13.655,14.276996,13.0,28.512,28.512,19.523458,25.8,11.467,11.467001,15.242288,10.2,13.681,13.681,14.2590685,13.0
139,139,139,139,139,139,139,17.361,17.360998,15.987731,17.3,15.716,15.716001,14.294715,14.7,28.737,28.737,20.30229,28.2,27.155,27.155,21.969833,26.5,8.658,8.658,13.035824,7.7,16.238,16.238,15.986186,15.5,17.47,17.469997,21.12062,16.6
140,140,140,140,140,140,140,22.658,22.657999,21.515379,23.9,27.123,27.123001,12.858728,26.8,29.294,29.294,14.2127075,29.0,9.335,9.334999,16.001408,8.3,20.764,20.764,10.17469,19.1,7.484,7.4839993,14.989028,5.9,12.447,12.447,19.598698,11.6
141,141,141,141,141,141,141,28.608,28.607998,25.554558,28.0,12.31,12.310001,16.73996,11.6,16.091,16.091,14.265344,16.0,11.117,11.117001,18.39491,10.6,23.157,23.157,26.615967,22.5,24.492,24.492,17.57915,23.4,26.061,26.061003,17.514816,24.9
142,142,142,142,142,142,142,22.025,22.024998,21.022633,21.3,15.678,15.678001,18.31312,14.2,3.495,3.4950001,6.716586,2.5,13.154,13.154,16.097391,12.4,15.318,15.318,13.558359,14.1,16.336,16.336,18.911179,15.6,24.616,24.616,24.446053,24.4
143,143,143,143,143,143,143,20.972,20.971998,13.278522,21.4,24.323,24.323,13.095151,24.3,23.654,23.654,13.485243,23.7,26.582,26.582003,19.438553,25.9,7.121,7.121,9.165109,6.0,16.756,16.756,13.847664,16.0,28.501,28.501,19.203207,28.9
144,144,144,144,144,144,144,19.478,19.477999,19.586498,18.6,19.304,19.304,19.48685,18.6,20.473,20.473,15.034921,19.5,16.545,16.544998,18.537704,14.2,13.458,13.458,13.956689,12.6,29.454,29.454002,13.880285,28.9,12.366,12.366,15.152575,10.0
145,145,145,145,145,145,145,22.298,22.298,15.282016,22.0,-0.522,-0.5220001,12.751635,-1.2,14.231,14.231001,16.22494,13.3,16.396,16.396,20.558289,15.5,20.369,20.369,14.286655,18.3,6.245,6.245,8.902186,4.1,9.176,9.176001,13.751202,7.4
146,146,146,146,146,146,146,16.379,16.379,16.253572,15.8,16.63,16.630001,21.375132,15.6,29.665,29.665,22.618538,29.8,14.969,14.969,19.099518,14.1,12.788,12.788,20.019264,12.2,30.934,30.934002,20.175568,28.8,24.848,24.848,21.76564,25.6
147,147,147,147,147,147,147,19.998,19.998,17.52407,19.1,10.007,10.007001,14.570504,8.8,18.424,18.424,16.509064,17.9,14.331,14.330999,16.95066,13.3,17.089,17.088999,14.0913515,16.6,10.407,10.407,17.84908,8.1,17.785,17.785,16.240808,16.7
148,148,148,148,148,148,148,28.114,28.114,22.810265,26.8,14.225,14.225002,15.348558,13.2,14.201,14.201002,14.168956,13.6,27.206,27.205997,22.459791,28.1,20.804,20.804,16.041252,18.9,9.477,9.477,22.159147,8.2,14.598,14.597999,12.280945,13.7
149,149,149,149,149,149,149,16.049,16.049,17.740108,15.5,15.397,15.397001,19.890839,13.5,1.96,1.96,16.274025,1.2,15.739,15.739,18.640299,15.3,26.662,26.662,20.486332,25.2,15.667,15.667,16.702822,14.8,18.589,18.589,18.400686,17.4
150,150,150,150,150,150,150,12.91,12.91,12.760427,12.3,11.387,11.387002,15.398653,10.2,7.007,7.007,15.4500675,6.2,25.507,25.507,23.45134,25.6,19.972,19.972,14.1181755,19.3,16.939,16.939,17.553171,15.9,12.449,12.449,15.895663,11.9
151,151,151,151,151,151,151,10.273,10.273,15.864163,9.1,14.444,14.444002,17.49694,13.6,29.082,29.082,19.248772,29.7,19.332,19.332003,23.899147,18.9,18.99,18.99,18.294395,18.3,31.184,31.184,19.774351,29.0,14.807,14.807,12.640921,14.0
152,152,152,152,152,152,152,14.656,14.656,13.149837,14.1,27.029,27.029,23.231894,26.0,18.172,18.172003,15.018969,16.8,26.682,26.682001,14.29906,26.8,19.914,19.914001,16.564453,18.9,6.669,6.669,23.038996,5.1,7.903,7.903001,17.855066,5.8
153,153,153,153,153,153,153,29.499,29.498999,18.412968,30.2,26.029,26.029,20.179787,24.9,27.608,27.608,18.097809,27.6,14.4,14.400001,16.905254,13.2,17.287,17.287,20.022528,16.7,17.292,17.292,21.443827,16.1,16.035,16.035,16.754757,15.2
154,154,154,154,154,154,154,11.484,11.484,13.057356,10.5,18.521,18.521,14.868234,17.6,12.536,12.536,17.784258,12.0,16.976,16.975998,19.410334,16.2,29.393,29.393,14.982619,28.8,17.935,17.934998,18.957436,17.5,20.47,20.47,17.813204,19.3
155,155,155,155,155,155,155,20.686,20.685999,17.351677,19.5,5.531,5.531,13.041933,4.4,9.421,9.421,14.055521,8.3,13.614,13.614,23.453535,12.7,11.836,11.836,15.641012,11.1,21.876,21.876,17.294594,21.3,21.93,21.93,14.831902,21.0
156,156,156,156,156,156,156,15.582,15.582001,17.1663,14.8,15.358,15.358,12.746261,14.5,27.388,27.388,24.903563,27.1,29.366,29.366,25.058554,30.4,11.868,11.868,13.981193,11.4,9.409,9.409,15.698129,7.9,29.63,29.63,11.429455,31.4
157,157,157,157,157,157,157,6.932,6.932,14.421792,5.7,12.77,12.77,16.160652,11.6,22.889,22.889,18.687021,20.9,28.527,28.527,27.33272,24.4,5.93,5.93,16.062551,3.9,5.216,5.216,17.314217,3.0,26.144,26.144,18.781258,25.1
158,158,158,158,158,158,158,19.891,19.890999,19.755157,19.2,28.334,28.334,23.89284,27.0,9.534,9.534001,15.360063,8.2,16.426,16.426,13.8288,15.9,19.337,19.337,9.146425,18.4,15.451,15.451,16.16409,14.4,12.99,12.99,11.587602,12.1
159,159,159,159,159,159,159,14.373,14.373,20.806126,12.5,0.877,0.8770001,17.565657,0.0,19.924,19.924,14.300346,19.6,25.346,25.346,21.435776,23.5,15.5,15.5,16.678535,15.1,31.238,31.238,25.601576,28.2,29.964,29.964,13.240565,29.9
160,160,160,160,160,160,160,12.689,12.689,16.881157,12.1,4.291,4.2909994,17.294107,3.0,14.164,14.164,13.71321,14.1,21.555,21.555,20.662086,21.4,30.216,30.216,16.565746,27.7,10.45,10.45,16.750793,8.6,27.15,27.15,16.56813,27.3
161,161,161,161,161,161,161,17.964,17.964,20.115099,17.2,2.693,2.693,13.739697,1.7,31.461,31.461,21.456463,31.3,7.102,7.1020007,9.757874,6.0,28.303,28.303,20.201841,27.3,28.057,28.057001,21.365227,30.1,16.257,16.257,14.368232,15.1
162,162,162,162,162,162,162,14.957,14.957,15.524084,14.6,3.143,3.143,14.804655,1.9,5.826,5.826,17.43675,4.6,11.522,11.522,17.360062,10.9,11.972,11.972,11.533707,11.5,1.333,1.333,10.297093,-0.9,30.026,30.026,20.774145,32.3
163,163,163,163,163,163,163,5.411,5.411,11.862162,4.1,20.177,20.177,18.29226,19.2,19.331,19.331,17.067486,16.8,25.296,25.296,16.029596,24.3,25.893,25.893,24.542768,23.2,20.981,20.981003,16.104317,20.0,7.734,7.734001,15.508021,5.5
164,164,164,164,164,164,164,10.742,10.742001,17.539711,10.0,10.006,10.0060005,18.18793,8.7,16.74,16.74,24.37738,14.4,6.536,6.536,13.562747,5.5,12.535,12.535,16.42883,11.7,18.033,18.033,21.02142,17.6,11.38,11.38,15.49326,9.9
165,165,165,165,165,165,165,23.028,23.027998,19.126331,22.2,16.921,16.921001,18.766626,16.4,10.934,10.934,16.324564,10.4,13.46,13.46,13.290762,12.9,5.735,5.735,15.570234,4.0,9.678,9.678,12.163376,8.9,23.748,23.748,16.839136,22.8
166,166,166,166,166,166,166,8.943,8.943,14.033669,7.8,30.825,30.825,19.963037,31.9,24.265,24.265,20.435741,24.1,25.636,25.636,21.140287,25.4,24.6,24.6,19.256548,21.7,7.255,7.2550006,17.818544,6.2,15.07,15.07,17.304655,14.3
167,167,167,167,167,167,167,18.409,18.409,15.786582,17.3,14.372,14.372002,15.467127,13.5,25.574,25.574,18.533897,25.0,29.641,29.641,15.374897,25.9,15.015,15.015,17.37508,13.9,25.031,25.031004,22.30664,26.9,16.536,16.536,17.742542,16.0
168,168,168,168,168,168,168,25.187,25.186998,19.929058,23.1,6.77,6.7700005,11.140942,5.3,12.009,12.009001,14.476977,11.6,19.301,19.301,19.260052,19.1,4.693,4.693,14.5949,2.7,15.95,15.950001,17.550861,14.7,7.335,7.335,13.91313,5.8
169,169,169,169,169,169,169,14.43,14.43,23.25442,13.8,4.514,4.514,16.274137,4.3,18.362,18.362,18.374203,17.9,21.737,21.737001,23.758938,21.5,11.543,11.542999,17.755207,10.3,30.645,30.645,18.269007,30.5,29.399,29.399,18.92749,29.4
170,170,170,170,170,170,170,9.909,9.909,13.379913,9.0,17.72,17.72,19.977493,17.1,16.609,16.609,17.147465,15.6,28.042,28.042,23.047127,27.9,13.467,13.467,8.450989,12.9,21.437,21.437,21.43832,21.3,16.522,16.522,19.408535,15.9
171,171,171,171,171,171,171,29.177,29.176996,17.937258,31.6,18.237,18.237,16.701408,17.3,24.339,24.339,20.490559,24.0,14.81,14.809999,18.787191,14.0,11.167,11.167,21.36132,10.3,6.859,6.8590007,13.337964,5.4,7.171,7.171,16.039124,5.5
172,172,172,172,172,172,172,11.05,11.05,18.51034,9.9,3.766,3.7660003,15.227876,2.6,16.026,16.026001,14.608206,15.5,29.67,29.67,25.223791,29.2,23.845,23.845,16.681942,23.4,24.537,24.537,19.81167,24.3,17.534,17.533998,13.579987,17.1
173,173,173,173,173,173,173,15.667,15.666999,14.68241,15.0,27.233,27.233,19.709217,27.8,14.933,14.933,14.643247,14.1,23.399,23.399,16.752731,22.4,30.947,30.947,12.352677,28.4,22.586,22.586,22.210928,21.9,16.75,16.75,25.416887,16.1
174,174,174,174,174,174,174,22.38,22.379995,14.075326,22.1,23.754,23.753998,21.078978,24.6,1.498,1.4980001,17.515015,0.2,3.892,3.892,20.14871,2.8,9.251,9.251,13.779187,8.5,13.503,13.502999,16.70375,12.7,17.01,17.01,16.93138,16.5
175,175,175,175,175,175,175,13.865,13.865,15.379904,13.4,23.327,23.327,20.612267,23.2,30.046,30.045998,17.866505,31.6,1.828,1.8280001,24.230143,0.9,24.531,24.531,20.51695,23.8,17.941,17.941002,11.591725,18.2,25.781,25.781,22.502005,25.9
176,176,176,176,176,176,176,15.527,15.527,16.828785,13.5,5.877,5.8769994,13.093089,5.4,16.28,16.280003,21.869513,15.9,10.663,10.663,11.821587,8.6,16.201,16.201,17.776928,15.6,15.806,15.806,12.883942,14.7,8.073,8.073,15.362416,5.8
177,177,177,177,177,177,177,16.111,16.111,16.094578,15.5,11.353,11.353,15.784358,10.2,20.286,20.286,12.710692,23.1,13.323,13.323,16.434286,12.6,11.639,11.639,15.415955,11.0,13.002,13.002,19.040552,12.3,13.266,13.266,12.611142,11.2
178,178,178,178,178,178,178,18.66,18.66,17.532406,18.1,16.02,16.02,14.195912,14.5,10.064,10.064,20.66017,8.9,18.097,18.097,18.206718,17.4,9.236,9.236,23.789383,8.5,22.488,22.488003,23.398928,22.6,21.191,21.191,20.642702,19.7
179,179,179,179,179,179,179,7.1,7.1,15.245356,6.3,8.355,8.355,16.637794,7.2,12.714,12.714,13.2707205,10.9,15.901,15.900999,17.51332,15.5,28.314,28.314,11.244701,26.5,9.443,9.443,19.953674,8.5,10.962,10.961999,7.7418056,9.6
180,180,180,180,180,180,180,21.678,21.677998,13.693616,20.8,29.36,29.36,18.349009,29.4,17.928,17.928,15.6365795,17.1,21.416,21.416,18.308992,19.7,27.195,27.195,26.760065,25.3,19.225,19.225,18.738762,18.4,14.361,14.361,18.301832,13.7
181,181,181,181,181,181,181,30.345,30.345,17.086195,33.8,13.285,13.285001,20.39734,12.6,10.922,10.922,12.873413,9.6,19.692,19.692001,20.5726,19.4,4.799,4.799,17.160395,3.1,25.893,25.893002,21.79821,25.6,21.942,21.942,9.168442,21.4
182,182,182,182,182,182,182,5.907,5.907,9.756881,4.6,7.834,7.834,13.91767,7.6,13.189,13.189,14.221592,12.6,18.717,18.717,19.63104,18.3,18.983,18.983,14.944656,17.7,22.884,22.884,14.474782,22.0,18.843,18.843,14.776643,18.0
183,183,183,183,183,183,183,11.687,11.687001,16.80289,9.4,27.181,27.181,13.374196,27.3,9.341,9.341,14.180264,8.5,13.038,13.038,16.286917,12.6,6.985,6.985,17.027615,5.8,26.105,26.105001,17.29994,27.4,19.597,19.597,21.855196,19.1
184,184,184,184,184,184,184,12.782,12.782001,17.919691,12.3,13.373,13.373,16.333818,12.2,21.491,21.491,13.478736,20.3,28.286,28.286,16.609625,28.0,18.513,18.513,14.242412,17.6,15.584,15.584,22.246706,14.8,30.051,30.050999,17.207647,31.9
185,185,185,185,185,185,185,29.579,29.578999,19.931139,27.4,17.742,17.742,14.123637,16.9,6.783,6.783,9.423641,5.9,16.793,16.792997,18.331879,16.9,23.914,23.914001,22.440166,23.4,22.335,22.335,19.514305,19.6,18.145,18.144999,21.34225,17.5
186,186,186,186,186,186,186,15.34,15.34,14.590953,14.7,26.368,26.368,20.052916,24.9,13.518,13.518001,20.85209,13.1,10.608,10.608,11.527543,9.5,27.541,27.541,17.424793,29.1,28.723,28.723001,14.446191,28.2,29.82,29.82,24.848175,30.6
187,187,187,187,187,187,187,4.459,4.459,16.65788,3.3,15.318,15.318002,18.641638,14.5,26.0,26.0,12.465435,29.5,8.137,8.137,22.809494,6.4,31.173,31.173,22.703976,32.1,26.097,26.097002,21.339083,25.1,10.826,10.826,16.105757,10.0
188,188,188,188,188,188,188,21.354,21.354,15.471795,21.1,18.191,18.191,16.37321,17.5,21.551,21.551003,22.692003,21.0,8.695,8.694999,15.550043,8.9,22.784,22.784,16.951654,22.6,4.316,4.316,23.004848,2.2,18.937,18.937,21.553253,18.1
189,189,189,189,189,189,189,21.672,21.672,16.731354,21.3,13.028,13.028,14.861547,11.8,19.711,19.711,14.976656,18.9,6.468,6.4680004,22.324457,5.3,25.354,25.354,26.01433,24.7,19.319,19.319,19.27851,18.4,12.665,12.665,18.094881,11.8
190,190,190,190,190,190,190,19.368,19.367998,15.895578,18.4,24.847,24.847,17.020466,22.9,23.684,23.684,21.069145,23.3,8.026,8.026,16.399603,6.8,6.049,6.049,20.076548,4.8,13.4,13.4,17.063538,12.6,29.572,29.572,25.806358,28.4
191,191,191,191,191,191,191,19.424,19.424,14.2928705,18.5,19.595,19.595,18.88646,18.8,14.445,14.445001,21.738823,14.1,15.778,15.778,16.924292,15.5,9.203,9.203,17.532152,8.2,30.922,30.922003,14.081414,28.2,24.327,24.327,19.201937,21.1
192,192,192,192,192,192,192,15.097,15.097,16.459242,14.5,9.706,9.706,16.02599,8.5,5.853,5.853,14.670968,4.6,13.709,13.708999,20.970379,12.9,20.059,20.059,18.349743,19.5,18.093,18.093,17.158096,17.7,25.024,25.024,17.27196,23.8
193,193,193,193,193,193,193,9.654,9.653999,11.9564295,8.5,21.546,21.546,24.219534,23.4,26.676,26.676,16.309515,26.8,8.428,8.428001,14.401186,6.9,10.127,10.127,10.879846,8.8,6.889,6.888999,15.9258585,5.5,26.887,26.887,15.789475,24.8
194,194,194,194,194,194,194,5.427,5.427,15.959971,4.4,12.65,12.650002,12.907487,11.7,14.791,14.791,14.822502,14.2,27.634,27.634,16.44537,23.1,17.289,17.289,16.33141,16.5,16.951,16.951002,20.388115,16.3,19.67,19.67,21.233206,19.2
195,195,195,195,195,195,195,14.011,14.011,17.471546,13.5,15.367,15.367002,16.741936,14.6,9.772,9.772001,14.043448,8.5,12.429,12.428999,24.594294,11.9,14.351,14.351,12.608317,13.9,24.038,24.038002,17.050255,23.1,27.307,27.307,15.101665,29.6
196,196,196,196,196,196,196,24.993,24.992996,17.69044,25.6,5.026,5.0259995,16.941113,4.2,24.49,24.490002,14.604835,22.5,34.583,34.583,18.163044,27.0,24.761,24.761002,19.174105,23.1,21.109,21.109,16.126104,20.6,7.666,7.666001,13.33421,5.5
197,197,197,197,197,197,197,13.257,13.257,15.287876,12.5,17.054,17.054,17.354078,15.5,32.496,32.496,24.486452,32.9,17.491,17.491001,16.779495,16.8,20.793,20.793001,18.489542,18.5,18.576,18.576002,18.469501,17.8,7.465,7.465,15.971501,6.0
198,198,198,198,198,198,198,16.25,16.25,20.292131,15.7,15.71,15.709999,20.155706,14.7,10.602,10.602001,18.711536,8.9,21.36,21.360003,17.657883,18.1,11.062,11.062001,15.19669,9.9,11.203,11.203,15.736205,10.5,7.058,7.058,18.129744,4.1
199,199,199,199,199,199,199,7.865,7.865,10.405987,6.6,19.163,19.162998,18.671047,18.4,8.389,8.389,19.172913,6.9,18.188,18.188,27.592993,17.6,18.855,18.855,20.975166,18.7,3.398,3.398,18.737576,0.6,6.726,6.726,14.781079,4.9
200,200,200,200,200,200,200,12.063,12.063,17.633205,11.3,23.975,23.975,19.044785,26.5,25.196,25.196,15.632504,24.6,14.496,14.496,16.803381,13.6,10.937,10.937,19.305698,9.6,12.894,12.894,22.52378,11.2,15.43,15.43,15.790226,14.5
201,201,201,201,201,201,201,4.499,4.499,19.509996,3.6,18.317,18.317,17.071205,17.6,16.713,16.713,14.886833,15.9,10.913,10.913,22.08547,9.9,17.198,17.198,19.242947,16.3,4.993,4.993,18.965487,2.7,18.86,18.86,14.661314,17.9
202,202,202,202,202,202,202,24.898,24.897999,20.815002,25.6,23.791,23.791,21.133379,23.4,27.362,27.362,14.948015,24.0,24.293,24.293,14.440088,23.3,26.353,26.353,24.648905,24.0,27.886,27.886003,11.589373,27.4,17.626,17.625998,17.713339,16.9
203,203,203,203,203,203,203,7.063,7.063,17.120766,5.9,25.222,25.222,15.796878,24.6,-0.324,-0.32400003,13.950153,-1.2,2.399,2.3990002,13.964433,1.8,12.488,12.488,10.773925,11.9,15.843,15.842999,19.14783,15.0,27.445,27.444998,20.26821,27.4
204,204,204,204,204,204,204,16.991,16.991,14.558711,15.3,15.982,15.982,16.409193,15.6,7.96,7.96,13.604689,6.4,14.502,14.502,15.627128,13.6,9.444,9.444,11.2078,7.9,7.168,7.1680007,17.559166,5.8,9.841,9.841001,26.386147,8.6
205,205,205,205,205,205,205,25.042,25.042002,19.255882,23.9,26.358,26.358,22.146643,29.1,16.987,16.987001,17.564861,16.9,27.997,27.997,21.71464,22.3,16.277,16.277,23.319906,15.5,13.936,13.936,16.433334,12.8,16.391,16.391,17.590818,15.7
206,206,206,206,206,206,206,27.807,27.806997,16.772324,30.1,29.507,29.507,25.408669,31.5,13.55,13.550001,10.856686,13.2,22.491,22.490997,21.065372,21.8,15.958,15.958,18.59528,14.8,26.243,26.243002,23.59656,23.1,14.683,14.683,11.845294,14.0
207,207,207,207,207,207,207,15.031,15.031,20.388056,14.7,16.184,16.184,17.34319,15.7,16.439,16.439,17.679201,15.8,11.502,11.502,13.750048,9.6,14.572,14.572,15.291868,13.5,30.296,30.296,21.950268,31.2,15.403,15.403,14.4087305,14.7
208,208,208,208,208,208,208,12.511,12.511,17.711304,11.2,26.25,26.25,15.354363,27.9,24.285,24.285,23.028372,19.9,19.74,19.74,15.773134,19.3,30.838,30.837997,15.154291,32.1,10.623,10.623,23.69294,9.3,9.026,9.026,18.341103,7.4
209,209,209,209,209,209,209,15.842,15.842,16.869276,14.8,9.45,9.450001,15.157694,8.0,24.721,24.721,22.881098,24.2,14.773,14.773001,15.217683,13.6,7.971,7.971,12.0861435,6.5,22.853,22.853003,13.5489855,22.8,22.147,22.147,20.373,21.8
210,210,210,210,210,210,210,24.978,24.977999,27.321781,24.9,19.679,19.679,16.192255,17.7,24.338,24.337997,16.604929,22.3,15.13,15.13,26.525723,14.3,11.693,11.693,15.901386,10.6,16.936,16.936,19.974756,16.6,19.845,19.845,15.245146,18.9
211,211,211,211,211,211,211,18.106,18.106,15.951074,17.3,13.198,13.198,16.50758,12.5,24.532,24.532,22.486933,24.1,12.289,12.289,18.423584,11.2,14.171,14.171,17.078558,13.3,29.734,29.734001,18.202953,29.0,25.289,25.289,20.810528,23.8
212,212,212,212,212,212,212,3.317,3.317,17.55445,1.9,14.217,14.217001,21.281313,13.3,21.142,21.142,9.5759945,19.1,16.193,16.193,18.06913,15.7,7.978,7.978,12.024001,6.3,18.128,18.128002,18.450354,16.9,13.744,13.744,16.610384,11.9
213,213,213,213,213,213,213,12.196,12.196,19.53541,10.8,6.466,6.4659996,7.5801954,5.3,17.699,17.699001,16.511826,17.4,13.55,13.55,20.149828,13.1,16.125,16.125,18.5786,14.8,26.666,26.666002,18.350872,26.4,20.656,20.656,19.363966,19.5
